img_id,#values
20057f34d_1,-0.059594262
20057f34d_2,0.031746045
20057f34d_3,-0.06907127
20057f34d_4,0.05140917
20057f34d_5,-0.12483922
20057f34d_6,0.035446912
20057f34d_7,0.1513908
20057f34d_8,0.06888947
20057f34d_9,-0.054084543
20057f34d_10,-0.01344384
20057f34d_11,-0.01024545
20057f34d_12,-0.06443801
20057f34d_13,0.0052755275
20057f34d_14,0.023255771
20057f34d_15,0.03162706
20057f34d_16,-0.017630171
20057f34d_17,0.027264576
20057f34d_18,-0.04620565
20057f34d_19,0.06126196
20057f34d_20,-0.052067116
20057f34d_21,-0.0058243475
20057f34d_22,0.0024994374
20057f34d_23,-0.008713283
20057f34d_24,-0.059754554
20057f34d_25,-0.08227252
20057f34d_26,-0.03132751
20057f34d_27,-0.012139185
20057f34d_28,0.060624607
20057f34d_29,0.015283862
20057f34d_30,-0.08786852
20057f34d_31,0.09432266
20057f34d_32,-0.03097666
20057f34d_33,0.059515566
20057f34d_34,-0.038213287
20057f34d_35,-0.017273948
20057f34d_36,-0.045410916
20057f34d_37,-0.0011076133
20057f34d_38,-0.018649518
20057f34d_39,-0.031488225
20057f34d_40,0.01734677
20057f34d_41,-0.011259723
20057f34d_42,-0.079621725
20057f34d_43,-0.028819392
20057f34d_44,0.062950134
20057f34d_45,0.021798242
20057f34d_46,0.08224307
20057f34d_47,-0.019979388
20057f34d_48,0.11465807
20057f34d_49,0.04322214
20057f34d_50,-0.00051576743
20057f34d_51,0.042731322
20057f34d_52,0.008851098
20057f34d_53,-0.029765863
20057f34d_54,-0.019996103
20057f34d_55,0.07528782
20057f34d_56,0.090784065
20057f34d_57,0.0524209
20057f34d_58,-0.022659492
20057f34d_59,0.016186355
20057f34d_60,-0.040101763
20057f34d_61,0.035354767
20057f34d_62,-0.017600272
20057f34d_63,-0.10110964
20057f34d_64,-0.033734955
20057f34d_65,0.018399041
20057f34d_66,-0.03779886
20057f34d_67,0.008846539
20057f34d_68,0.07803882
20057f34d_69,-0.05611813
20057f34d_70,0.03485759
20057f34d_71,0.0999569
20057f34d_72,-0.031995017
20057f34d_73,-0.028160825
20057f34d_74,0.064200506
20057f34d_75,-0.02105469
20057f34d_76,0.0061121704
20057f34d_77,0.0033701796
20057f34d_78,-0.029353812
20057f34d_79,-0.03864655
20057f34d_80,0.0349255
20057f34d_81,-0.05837696
20057f34d_82,-0.03397219
20057f34d_83,-0.014803155
20057f34d_84,-0.031149901
20057f34d_85,-0.015201275
20057f34d_86,0.03952286
20057f34d_87,0.027546559
20057f34d_88,0.013799751
20057f34d_89,0.050110478
20057f34d_90,-0.090177774
20057f34d_91,0.008582957
20057f34d_92,0.012226552
20057f34d_93,-0.035994045
20057f34d_94,-0.0011484755
20057f34d_95,0.0011704596
20057f34d_96,0.07908155
20057f34d_97,-0.047705334
20057f34d_98,0.075284354
20057f34d_99,0.0073540863
20057f34d_100,0.027887138
20057f34d_101,0.11358329
20057f34d_102,-0.038118523
20057f34d_103,0.0531077
20057f34d_104,0.04716858
20057f34d_105,0.028968073
20057f34d_106,-0.06397509
20057f34d_107,-0.01175108
20057f34d_108,0.08771294
20057f34d_109,0.009036421
20057f34d_110,-0.038227748
20057f34d_111,-0.04846075
20057f34d_112,-0.03963824
20057f34d_113,0.01666791
20057f34d_114,-0.060221028
20057f34d_115,0.069312304
20057f34d_116,0.052385677
20057f34d_117,-0.028452765
20057f34d_118,-0.012436787
20057f34d_119,-0.015927033
20057f34d_120,-0.054072164
20057f34d_121,0.12694408
20057f34d_122,0.04222713
20057f34d_123,-0.07554475
20057f34d_124,0.008613961
20057f34d_125,0.030515091
20057f34d_126,-0.012665394
20057f34d_127,0.0659084
20057f34d_128,6.6224927e-34
20057f34d_129,-0.06669869
20057f34d_130,-0.0033551937
20057f34d_131,0.050984226
20057f34d_132,-0.01095885
20057f34d_133,0.06494139
20057f34d_134,0.053734485
20057f34d_135,0.03905367
20057f34d_136,0.01776017
20057f34d_137,-0.023746086
20057f34d_138,0.07192265
20057f34d_139,0.06810422
20057f34d_140,0.028484501
20057f34d_141,-0.07920758
20057f34d_142,0.07379678
20057f34d_143,-0.03436966
20057f34d_144,0.0148468055
20057f34d_145,0.017536856
20057f34d_146,-0.06962516
20057f34d_147,-0.102894306
20057f34d_148,-0.070223786
20057f34d_149,-0.07123502
20057f34d_150,-0.10788028
20057f34d_151,0.03618988
20057f34d_152,0.023513973
20057f34d_153,-0.01566192
20057f34d_154,0.03128183
20057f34d_155,-0.037211996
20057f34d_156,-0.0017213917
20057f34d_157,0.07925719
20057f34d_158,-0.032081123
20057f34d_159,0.027375
20057f34d_160,0.022778178
20057f34d_161,0.001944173
20057f34d_162,0.058511056
20057f34d_163,-0.09710625
20057f34d_164,-0.0065180473
20057f34d_165,-0.024304625
20057f34d_166,-0.034274925
20057f34d_167,-0.012939781
20057f34d_168,-0.026243657
20057f34d_169,0.018095527
20057f34d_170,0.0796188
20057f34d_171,-0.01790566
20057f34d_172,0.049925454
20057f34d_173,-0.029981155
20057f34d_174,-0.07604868
20057f34d_175,0.013799963
20057f34d_176,0.0035555304
20057f34d_177,0.043853205
20057f34d_178,0.049173094
20057f34d_179,-0.032364443
20057f34d_180,-0.0350638
20057f34d_181,-0.022586802
20057f34d_182,-0.01575481
20057f34d_183,-0.04559839
20057f34d_184,-0.11704586
20057f34d_185,0.034673475
20057f34d_186,0.034904025
20057f34d_187,-0.046855062
20057f34d_188,-0.012094018
20057f34d_189,0.032049395
20057f34d_190,-0.032398142
20057f34d_191,0.029733878
20057f34d_192,0.079610035
20057f34d_193,-0.07461362
20057f34d_194,0.0013308427
20057f34d_195,0.010480698
20057f34d_196,-0.029078117
20057f34d_197,-0.08956714
20057f34d_198,0.042622667
20057f34d_199,0.029953478
20057f34d_200,-0.0052473475
20057f34d_201,0.09331034
20057f34d_202,0.024031542
20057f34d_203,0.046778556
20057f34d_204,-0.013772425
20057f34d_205,-0.058867916
20057f34d_206,0.08438526
20057f34d_207,-0.0029886365
20057f34d_208,-0.100528
20057f34d_209,0.022290967
20057f34d_210,0.03478442
20057f34d_211,-0.0066644405
20057f34d_212,0.07931986
20057f34d_213,-0.05028187
20057f34d_214,0.026549201
20057f34d_215,0.038718205
20057f34d_216,-0.04248718
20057f34d_217,0.075333245
20057f34d_218,0.003193698
20057f34d_219,0.02978362
20057f34d_220,-0.02299768
20057f34d_221,0.020566085
20057f34d_222,0.067167036
20057f34d_223,0.020387305
20057f34d_224,-1.3247548e-33
20057f34d_225,-0.024907842
20057f34d_226,0.022184854
20057f34d_227,-0.027901713
20057f34d_228,0.0032632318
20057f34d_229,0.06808216
20057f34d_230,-0.030766834
20057f34d_231,0.062712714
20057f34d_232,0.103989996
20057f34d_233,0.05385021
20057f34d_234,0.028033966
20057f34d_235,0.06533498
20057f34d_236,0.056245506
20057f34d_237,0.047903102
20057f34d_238,0.017030137
20057f34d_239,0.047033038
20057f34d_240,-0.034866914
20057f34d_241,0.09373087
20057f34d_242,0.033886373
20057f34d_243,0.039919727
20057f34d_244,0.038294632
20057f34d_245,0.02960348
20057f34d_246,-0.057500597
20057f34d_247,-0.026725182
20057f34d_248,-0.06708815
20057f34d_249,-0.061675273
20057f34d_250,0.036787026
20057f34d_251,0.047478773
20057f34d_252,-0.034822643
20057f34d_253,-0.012112465
20057f34d_254,0.016332326
20057f34d_255,-0.049906515
20057f34d_256,-0.063029625
20057f34d_257,0.0046992167
20057f34d_258,-0.04105221
20057f34d_259,-0.032271776
20057f34d_260,-0.06357255
20057f34d_261,0.04988819
20057f34d_262,0.011495919
20057f34d_263,0.047991052
20057f34d_264,0.035314504
20057f34d_265,0.066908196
20057f34d_266,-0.00082177744
20057f34d_267,0.013363831
20057f34d_268,0.059369776
20057f34d_269,0.06741645
20057f34d_270,-0.089280404
20057f34d_271,-0.037504494
20057f34d_272,-0.040754158
20057f34d_273,-0.035204154
20057f34d_274,-0.075011395
20057f34d_275,-0.01837257
20057f34d_276,0.031524215
20057f34d_277,0.014273347
20057f34d_278,-0.013977235
20057f34d_279,-0.11120111
20057f34d_280,0.053688955
20057f34d_281,-0.01637817
20057f34d_282,0.037534297
20057f34d_283,0.022288654
20057f34d_284,0.044405684
20057f34d_285,-0.039128534
20057f34d_286,0.10841338
20057f34d_287,0.009532306
20057f34d_288,0.022245215
20057f34d_289,-0.016233409
20057f34d_290,0.009977598
20057f34d_291,-0.01316866
20057f34d_292,0.016369171
20057f34d_293,-0.045642078
20057f34d_294,-0.03955993
20057f34d_295,0.0022516106
20057f34d_296,-0.08221029
20057f34d_297,-0.037863173
20057f34d_298,-0.105174825
20057f34d_299,-0.066947214
20057f34d_300,-0.034225512
20057f34d_301,-0.08223012
20057f34d_302,0.027177311
20057f34d_303,0.054532535
20057f34d_304,-0.06352498
20057f34d_305,-0.020021453
20057f34d_306,-0.08177795
20057f34d_307,0.022156576
20057f34d_308,0.03751425
20057f34d_309,0.0017704892
20057f34d_310,-0.052153256
20057f34d_311,-0.010940103
20057f34d_312,0.0037248924
20057f34d_313,-0.054732382
20057f34d_314,0.0224031
20057f34d_315,-0.019942965
20057f34d_316,-0.0036475514
20057f34d_317,0.07014768
20057f34d_318,0.06359977
20057f34d_319,0.010069957
20057f34d_320,-2.2436936e-08
20057f34d_321,-0.030197421
20057f34d_322,-0.09221143
20057f34d_323,0.0019174932
20057f34d_324,-0.06300584
20057f34d_325,0.10164598
20057f34d_326,0.029249331
20057f34d_327,0.009102778
20057f34d_328,-0.041315842
20057f34d_329,-0.01709461
20057f34d_330,0.12861523
20057f34d_331,-0.04614148
20057f34d_332,0.059504423
20057f34d_333,2.4775773e-05
20057f34d_334,0.009669917
20057f34d_335,-0.09132429
20057f34d_336,0.050089326
20057f34d_337,0.031062495
20057f34d_338,-0.036139153
20057f34d_339,-0.0116453385
20057f34d_340,-0.004596062
20057f34d_341,0.033470225
20057f34d_342,0.068028435
20057f34d_343,0.039466154
20057f34d_344,-0.11014181
20057f34d_345,-0.018381797
20057f34d_346,0.04232827
20057f34d_347,0.02564556
20057f34d_348,0.11536382
20057f34d_349,0.05353898
20057f34d_350,0.0336789
20057f34d_351,0.048921596
20057f34d_352,0.022400972
20057f34d_353,0.033764314
20057f34d_354,-0.0022890924
20057f34d_355,0.07069466
20057f34d_356,-0.0018239155
20057f34d_357,-0.0062267496
20057f34d_358,0.040148053
20057f34d_359,0.038502153
20057f34d_360,-0.1251678
20057f34d_361,-0.012783221
20057f34d_362,-0.080762334
20057f34d_363,-0.028799033
20057f34d_364,0.035321593
20057f34d_365,0.012673537
20057f34d_366,-0.025737861
20057f34d_367,-0.14695664
20057f34d_368,-0.05828867
20057f34d_369,0.011332785
20057f34d_370,-0.05873552
20057f34d_371,-0.037443865
20057f34d_372,-0.088069215
20057f34d_373,0.042330265
20057f34d_374,-0.0966751
20057f34d_375,-0.008126702
20057f34d_376,-0.047028136
20057f34d_377,-0.0032933617
20057f34d_378,0.0046782587
20057f34d_379,-0.0073069134
20057f34d_380,0.023051575
20057f34d_381,0.0155822635
20057f34d_382,-0.08785734
20057f34d_383,-0.042955473
20057f34d_384,0.038912725
227ef0887_1,-0.06589831
227ef0887_2,0.06656386
227ef0887_3,0.044279017
227ef0887_4,0.017427325
227ef0887_5,-0.032724444
227ef0887_6,0.080097824
227ef0887_7,0.094959125
227ef0887_8,0.023155065
227ef0887_9,-0.044041947
227ef0887_10,0.030172605
227ef0887_11,0.038122937
227ef0887_12,-0.07055999
227ef0887_13,0.06987681
227ef0887_14,0.04297827
227ef0887_15,-0.033127043
227ef0887_16,0.104940236
227ef0887_17,0.0028717301
227ef0887_18,-0.04930878
227ef0887_19,-0.028201647
227ef0887_20,-0.06118479
227ef0887_21,-0.048497908
227ef0887_22,0.052479625
227ef0887_23,0.0059473133
227ef0887_24,0.055494312
227ef0887_25,-0.118041426
227ef0887_26,0.015396961
227ef0887_27,-0.026533086
227ef0887_28,0.03933931
227ef0887_29,0.03053727
227ef0887_30,-0.015450415
227ef0887_31,-0.03655866
227ef0887_32,-0.002891629
227ef0887_33,0.052481133
227ef0887_34,0.0135249
227ef0887_35,-0.037133154
227ef0887_36,-0.045892652
227ef0887_37,0.006855594
227ef0887_38,0.019659383
227ef0887_39,0.0039946563
227ef0887_40,0.051744085
227ef0887_41,-0.024701215
227ef0887_42,-0.08869012
227ef0887_43,-0.067403816
227ef0887_44,0.013236721
227ef0887_45,0.011760931
227ef0887_46,0.045390885
227ef0887_47,-0.05633281
227ef0887_48,0.03330304
227ef0887_49,0.014202542
227ef0887_50,0.03698639
227ef0887_51,-0.021319011
227ef0887_52,0.009214733
227ef0887_53,-0.03447383
227ef0887_54,0.018777557
227ef0887_55,0.11453193
227ef0887_56,0.08174784
227ef0887_57,-0.0011567773
227ef0887_58,-0.017626276
227ef0887_59,0.035012454
227ef0887_60,0.015784463
227ef0887_61,0.025567137
227ef0887_62,0.056801602
227ef0887_63,-0.085225075
227ef0887_64,0.04131089
227ef0887_65,0.09045509
227ef0887_66,-0.040937
227ef0887_67,-0.015931971
227ef0887_68,0.0031673633
227ef0887_69,-0.09669857
227ef0887_70,-0.07630339
227ef0887_71,0.06315333
227ef0887_72,-0.074666664
227ef0887_73,-0.042003773
227ef0887_74,0.069610566
227ef0887_75,0.0570903
227ef0887_76,0.031884532
227ef0887_77,0.01902544
227ef0887_78,-0.01320479
227ef0887_79,-0.05765188
227ef0887_80,-0.045933463
227ef0887_81,-0.04791687
227ef0887_82,-0.15353768
227ef0887_83,0.003077024
227ef0887_84,0.031469088
227ef0887_85,-0.061924044
227ef0887_86,0.06645386
227ef0887_87,-0.03260207
227ef0887_88,-0.0052740574
227ef0887_89,-0.021014221
227ef0887_90,-0.05488165
227ef0887_91,-0.073637724
227ef0887_92,-0.010139755
227ef0887_93,-0.05815617
227ef0887_94,-0.035140622
227ef0887_95,0.035864748
227ef0887_96,0.074278854
227ef0887_97,-0.025372261
227ef0887_98,0.0035694023
227ef0887_99,0.05164587
227ef0887_100,0.0498715
227ef0887_101,0.029845757
227ef0887_102,-0.048030645
227ef0887_103,0.06669224
227ef0887_104,0.02161865
227ef0887_105,0.02958312
227ef0887_106,-0.079362445
227ef0887_107,0.059359223
227ef0887_108,0.044062823
227ef0887_109,0.11396143
227ef0887_110,-0.055840716
227ef0887_111,0.014514319
227ef0887_112,-0.08649826
227ef0887_113,-0.027329111
227ef0887_114,-0.036885668
227ef0887_115,0.032107588
227ef0887_116,0.014713198
227ef0887_117,0.0190239
227ef0887_118,0.0898768
227ef0887_119,0.02395536
227ef0887_120,-0.08334293
227ef0887_121,0.119806446
227ef0887_122,-0.004441588
227ef0887_123,-0.07140146
227ef0887_124,0.008068769
227ef0887_125,-0.06858044
227ef0887_126,-0.04523839
227ef0887_127,-0.006648435
227ef0887_128,-9.739101e-34
227ef0887_129,0.0453491
227ef0887_130,-0.024830913
227ef0887_131,0.12715825
227ef0887_132,0.03998657
227ef0887_133,0.037923213
227ef0887_134,0.027340418
227ef0887_135,-0.0032478855
227ef0887_136,-0.01820445
227ef0887_137,-0.077546276
227ef0887_138,0.051808316
227ef0887_139,-0.0018940555
227ef0887_140,-0.007072357
227ef0887_141,-0.052192453
227ef0887_142,0.02764077
227ef0887_143,0.027645038
227ef0887_144,-0.049875643
227ef0887_145,-0.076179236
227ef0887_146,-0.07339809
227ef0887_147,-0.18227793
227ef0887_148,0.040750433
227ef0887_149,-0.01649316
227ef0887_150,-0.0414888
227ef0887_151,-0.0003330867
227ef0887_152,0.023077603
227ef0887_153,0.011249908
227ef0887_154,-0.012620198
227ef0887_155,0.014919949
227ef0887_156,-0.023022033
227ef0887_157,0.049583025
227ef0887_158,-0.010293863
227ef0887_159,0.049940147
227ef0887_160,0.06607213
227ef0887_161,-0.07829024
227ef0887_162,-0.064031176
227ef0887_163,-0.069454804
227ef0887_164,-0.11629645
227ef0887_165,0.027605759
227ef0887_166,-0.044700403
227ef0887_167,-0.101500474
227ef0887_168,-0.0235723
227ef0887_169,0.060406208
227ef0887_170,0.03715621
227ef0887_171,-0.06685686
227ef0887_172,0.01010643
227ef0887_173,-0.04014912
227ef0887_174,-0.016140457
227ef0887_175,0.057777025
227ef0887_176,0.013022172
227ef0887_177,0.02429023
227ef0887_178,0.042329192
227ef0887_179,-0.013202204
227ef0887_180,-0.041118816
227ef0887_181,0.0006773801
227ef0887_182,-0.081481904
227ef0887_183,0.014040926
227ef0887_184,-0.017505195
227ef0887_185,0.0509767
227ef0887_186,0.046550676
227ef0887_187,-0.03709323
227ef0887_188,0.012918984
227ef0887_189,0.07300099
227ef0887_190,0.013174116
227ef0887_191,0.030236425
227ef0887_192,0.029278174
227ef0887_193,-0.00046069946
227ef0887_194,-0.026075307
227ef0887_195,0.009448847
227ef0887_196,-0.036240857
227ef0887_197,-0.0630685
227ef0887_198,-0.0769883
227ef0887_199,-0.0063183485
227ef0887_200,-0.00030440217
227ef0887_201,0.05951457
227ef0887_202,-0.06034569
227ef0887_203,0.02561884
227ef0887_204,-0.014742656
227ef0887_205,-0.029592276
227ef0887_206,0.044035554
227ef0887_207,-0.0580218
227ef0887_208,-0.018255157
227ef0887_209,-0.039657183
227ef0887_210,0.0027208684
227ef0887_211,0.07186899
227ef0887_212,0.014346965
227ef0887_213,-0.028891455
227ef0887_214,-0.018760694
227ef0887_215,0.028016
227ef0887_216,-0.029665785
227ef0887_217,0.010974267
227ef0887_218,-0.005971676
227ef0887_219,-0.030366883
227ef0887_220,0.044531576
227ef0887_221,0.028657477
227ef0887_222,0.051569354
227ef0887_223,-0.029917587
227ef0887_224,-8.805856e-34
227ef0887_225,0.009831331
227ef0887_226,0.06363951
227ef0887_227,0.005762912
227ef0887_228,0.0050785304
227ef0887_229,0.072979674
227ef0887_230,-0.07632759
227ef0887_231,0.0876833
227ef0887_232,0.14598785
227ef0887_233,0.041729715
227ef0887_234,0.053744353
227ef0887_235,0.11037507
227ef0887_236,0.008444527
227ef0887_237,-0.013843681
227ef0887_238,0.0053246436
227ef0887_239,0.0065532955
227ef0887_240,0.037511695
227ef0887_241,0.14090975
227ef0887_242,0.03277713
227ef0887_243,-0.06578386
227ef0887_244,0.04441932
227ef0887_245,-0.03984124
227ef0887_246,-0.04347973
227ef0887_247,0.033039782
227ef0887_248,-0.044149663
227ef0887_249,0.025067907
227ef0887_250,0.09985469
227ef0887_251,0.11070758
227ef0887_252,0.018776596
227ef0887_253,-0.053026274
227ef0887_254,0.023917696
227ef0887_255,-0.038714122
227ef0887_256,-0.016601924
227ef0887_257,0.055295344
227ef0887_258,0.020448407
227ef0887_259,-0.029543644
227ef0887_260,0.0470134
227ef0887_261,0.012719442
227ef0887_262,-0.08809273
227ef0887_263,0.004738199
227ef0887_264,0.006206563
227ef0887_265,0.004041056
227ef0887_266,-0.032105
227ef0887_267,0.0063978997
227ef0887_268,0.10657548
227ef0887_269,-0.019029025
227ef0887_270,-0.1220495
227ef0887_271,-0.05219444
227ef0887_272,-0.023956474
227ef0887_273,-0.090015486
227ef0887_274,0.008388906
227ef0887_275,-0.03235304
227ef0887_276,-0.02229271
227ef0887_277,0.032759078
227ef0887_278,0.0056625926
227ef0887_279,0.0055787875
227ef0887_280,-0.009376733
227ef0887_281,-0.08260023
227ef0887_282,0.12651114
227ef0887_283,0.024301745
227ef0887_284,-0.012626922
227ef0887_285,0.05071598
227ef0887_286,0.06604013
227ef0887_287,-0.04380879
227ef0887_288,-0.037437998
227ef0887_289,-0.026939312
227ef0887_290,0.023015926
227ef0887_291,-0.07480857
227ef0887_292,-0.030163208
227ef0887_293,-0.068988025
227ef0887_294,-0.050425984
227ef0887_295,-0.011240933
227ef0887_296,-0.06202534
227ef0887_297,-0.05642833
227ef0887_298,-0.004070656
227ef0887_299,-0.06975056
227ef0887_300,-0.04542801
227ef0887_301,-0.015255079
227ef0887_302,-0.0035206445
227ef0887_303,-0.014410067
227ef0887_304,0.027630653
227ef0887_305,-0.06383026
227ef0887_306,-0.07259611
227ef0887_307,-0.042507596
227ef0887_308,0.05447649
227ef0887_309,0.0040724454
227ef0887_310,-0.027194375
227ef0887_311,-0.033336602
227ef0887_312,-0.0007591148
227ef0887_313,-0.020064693
227ef0887_314,-0.050554767
227ef0887_315,-0.015147882
227ef0887_316,0.04381089
227ef0887_317,0.071135044
227ef0887_318,0.09784066
227ef0887_319,-0.03145762
227ef0887_320,-2.3270752e-08
227ef0887_321,-0.051210493
227ef0887_322,-0.0768786
227ef0887_323,-0.027961887
227ef0887_324,-0.023217726
227ef0887_325,0.11898137
227ef0887_326,0.011835117
227ef0887_327,0.024446554
227ef0887_328,-0.083920784
227ef0887_329,0.017552206
227ef0887_330,0.043638814
227ef0887_331,-0.0055743633
227ef0887_332,0.008347965
227ef0887_333,0.013999048
227ef0887_334,0.055899035
227ef0887_335,-0.027157975
227ef0887_336,0.024723202
227ef0887_337,-0.044799738
227ef0887_338,-0.013942675
227ef0887_339,0.009345346
227ef0887_340,0.020428631
227ef0887_341,-0.059591245
227ef0887_342,-0.045322727
227ef0887_343,-0.027480202
227ef0887_344,-0.045690995
227ef0887_345,-0.027156183
227ef0887_346,-0.0029331483
227ef0887_347,-0.029401427
227ef0887_348,0.057248216
227ef0887_349,0.09481946
227ef0887_350,0.0048816283
227ef0887_351,0.02348596
227ef0887_352,0.064158246
227ef0887_353,0.05922877
227ef0887_354,-0.044569645
227ef0887_355,-0.021053486
227ef0887_356,0.016610442
227ef0887_357,-0.0210953
227ef0887_358,0.042185504
227ef0887_359,-0.031007435
227ef0887_360,-0.06927086
227ef0887_361,0.06460507
227ef0887_362,-0.06174608
227ef0887_363,0.023311775
227ef0887_364,0.06634536
227ef0887_365,0.04970835
227ef0887_366,-0.0069397907
227ef0887_367,0.024420299
227ef0887_368,0.027783232
227ef0887_369,0.011919865
227ef0887_370,-0.051777143
227ef0887_371,-0.010607802
227ef0887_372,-0.112978786
227ef0887_373,0.056435972
227ef0887_374,-0.031022927
227ef0887_375,-0.008859786
227ef0887_376,-0.057217415
227ef0887_377,0.05929483
227ef0887_378,0.029329173
227ef0887_379,0.041160684
227ef0887_380,0.016435904
227ef0887_381,-0.026425065
227ef0887_382,-0.017402336
227ef0887_383,0.005734328
227ef0887_384,0.044395126
92e911621_1,0.018264366
92e911621_2,0.0884907
92e911621_3,-0.026577037
92e911621_4,-0.016458938
92e911621_5,-0.0848227
92e911621_6,0.08654675
92e911621_7,0.024891196
92e911621_8,0.058230214
92e911621_9,-0.0356952
92e911621_10,-0.015163475
92e911621_11,-0.024350006
92e911621_12,-0.055123974
92e911621_13,0.007073495
92e911621_14,0.037656933
92e911621_15,0.0056023863
92e911621_16,-0.041933317
92e911621_17,-0.024901731
92e911621_18,-0.032978486
92e911621_19,0.062461276
92e911621_20,-0.001737736
92e911621_21,0.007473478
92e911621_22,0.04357387
92e911621_23,-0.044370707
92e911621_24,-0.08173275
92e911621_25,-0.08221358
92e911621_26,-0.023237312
92e911621_27,-0.06398361
92e911621_28,0.030620128
92e911621_29,0.0596411
92e911621_30,-0.09087389
92e911621_31,0.07199691
92e911621_32,-0.045261808
92e911621_33,0.01942719
92e911621_34,-0.029404234
92e911621_35,-0.029501617
92e911621_36,-0.009270263
92e911621_37,-0.019836258
92e911621_38,0.015977897
92e911621_39,-0.012722098
92e911621_40,-0.019859489
92e911621_41,0.03496237
92e911621_42,-0.05020375
92e911621_43,-0.06496401
92e911621_44,0.10931804
92e911621_45,0.057478935
92e911621_46,0.05008496
92e911621_47,0.008413379
92e911621_48,-0.017114485
92e911621_49,0.08844003
92e911621_50,-0.015134285
92e911621_51,-0.016948147
92e911621_52,-0.00026832853
92e911621_53,-0.018346038
92e911621_54,0.019000107
92e911621_55,0.10363847
92e911621_56,0.012935714
92e911621_57,0.07887629
92e911621_58,0.042205937
92e911621_59,0.03438672
92e911621_60,-0.049610786
92e911621_61,0.06165068
92e911621_62,0.027823294
92e911621_63,-0.05011606
92e911621_64,0.0021024297
92e911621_65,0.046369992
92e911621_66,-0.10851946
92e911621_67,-0.031135673
92e911621_68,-0.019412208
92e911621_69,-0.0007006284
92e911621_70,-0.07372621
92e911621_71,0.061445568
92e911621_72,-0.015290683
92e911621_73,-0.0666955
92e911621_74,0.007271272
92e911621_75,0.03347888
92e911621_76,0.026389552
92e911621_77,-0.05375772
92e911621_78,0.04032654
92e911621_79,-0.025799759
92e911621_80,-0.03181393
92e911621_81,0.036629084
92e911621_82,-0.10222932
92e911621_83,-0.046263233
92e911621_84,0.053708777
92e911621_85,-0.029400412
92e911621_86,0.02557999
92e911621_87,-0.037307613
92e911621_88,-0.012111976
92e911621_89,0.04235322
92e911621_90,-0.01555856
92e911621_91,0.0030572668
92e911621_92,-0.057979453
92e911621_93,-0.03752285
92e911621_94,0.023634475
92e911621_95,0.01756682
92e911621_96,0.045533437
92e911621_97,-0.076781206
92e911621_98,-0.0038397596
92e911621_99,-0.06044855
92e911621_100,0.03375555
92e911621_101,0.069460586
92e911621_102,-0.11854926
92e911621_103,0.072842374
92e911621_104,0.093228504
92e911621_105,0.053242136
92e911621_106,-0.012182141
92e911621_107,0.057749987
92e911621_108,0.02703118
92e911621_109,-0.03457928
92e911621_110,-0.046020467
92e911621_111,-0.0053779413
92e911621_112,-0.074465595
92e911621_113,0.022056941
92e911621_114,-0.06941515
92e911621_115,0.13655752
92e911621_116,-0.004592681
92e911621_117,0.02496604
92e911621_118,-0.014728646
92e911621_119,0.0064500957
92e911621_120,-0.08723595
92e911621_121,0.07657901
92e911621_122,0.05989801
92e911621_123,-0.03737988
92e911621_124,-0.02032595
92e911621_125,-0.0306041
92e911621_126,-0.02477499
92e911621_127,0.08993022
92e911621_128,-4.282714e-33
92e911621_129,0.040069528
92e911621_130,0.008971023
92e911621_131,0.042603258
92e911621_132,0.0028009498
92e911621_133,0.03959257
92e911621_134,0.029515611
92e911621_135,0.033641703
92e911621_136,0.03947549
92e911621_137,0.018075168
92e911621_138,0.068328366
92e911621_139,0.022345427
92e911621_140,-0.00992932
92e911621_141,-0.030767338
92e911621_142,0.067740165
92e911621_143,-0.03751008
92e911621_144,-0.045036577
92e911621_145,-0.007991813
92e911621_146,-0.09566405
92e911621_147,-0.17337212
92e911621_148,0.0073512713
92e911621_149,0.019179564
92e911621_150,-0.06864639
92e911621_151,-0.0139266085
92e911621_152,0.061614923
92e911621_153,0.015298478
92e911621_154,-0.013935414
92e911621_155,-0.018890874
92e911621_156,-0.010535017
92e911621_157,0.048247255
92e911621_158,0.0019177396
92e911621_159,-0.08335759
92e911621_160,0.025556693
92e911621_161,-0.031893663
92e911621_162,0.013374035
92e911621_163,-0.053688474
92e911621_164,-0.0542389
92e911621_165,0.003107668
92e911621_166,0.0088722175
92e911621_167,-0.086019315
92e911621_168,-0.080155045
92e911621_169,0.017729377
92e911621_170,0.10737057
92e911621_171,-0.04935182
92e911621_172,0.02405576
92e911621_173,-0.027161175
92e911621_174,-0.084161244
92e911621_175,0.0040384666
92e911621_176,0.026160892
92e911621_177,0.04991631
92e911621_178,-0.033824787
92e911621_179,-0.028520111
92e911621_180,-0.019370222
92e911621_181,-0.054050658
92e911621_182,-0.030410523
92e911621_183,0.019496553
92e911621_184,-0.06201601
92e911621_185,0.106330045
92e911621_186,0.060887195
92e911621_187,-0.012566124
92e911621_188,0.012341892
92e911621_189,0.020861022
92e911621_190,0.04338426
92e911621_191,-0.00726184
92e911621_192,0.06443259
92e911621_193,-0.018190864
92e911621_194,-0.064338095
92e911621_195,-0.06537143
92e911621_196,-0.009427593
92e911621_197,-0.059917435
92e911621_198,-0.0019540326
92e911621_199,-0.03633867
92e911621_200,-0.028548947
92e911621_201,0.06096698
92e911621_202,0.006208348
92e911621_203,0.018455593
92e911621_204,0.02378799
92e911621_205,-0.08486012
92e911621_206,0.09888113
92e911621_207,-0.025112232
92e911621_208,-0.0878034
92e911621_209,-0.02229269
92e911621_210,0.06918607
92e911621_211,0.037768718
92e911621_212,0.012161216
92e911621_213,-0.040785644
92e911621_214,0.034225035
92e911621_215,0.07359138
92e911621_216,-0.059612777
92e911621_217,-0.00064059865
92e911621_218,0.054761067
92e911621_219,-0.017850315
92e911621_220,0.018148437
92e911621_221,0.059091583
92e911621_222,0.14133944
92e911621_223,-0.029796705
92e911621_224,1.4397964e-33
92e911621_225,-0.0095022395
92e911621_226,0.04329645
92e911621_227,0.04469369
92e911621_228,-0.06592311
92e911621_229,0.07429942
92e911621_230,-0.020928254
92e911621_231,0.058060206
92e911621_232,0.06285121
92e911621_233,0.021536319
92e911621_234,0.03358145
92e911621_235,0.031226646
92e911621_236,0.026544638
92e911621_237,0.10400232
92e911621_238,0.05953296
92e911621_239,0.058789536
92e911621_240,-0.028301695
92e911621_241,0.07790973
92e911621_242,-0.0060181217
92e911621_243,-0.021895308
92e911621_244,0.11071095
92e911621_245,-0.034781095
92e911621_246,-0.05012335
92e911621_247,-0.045503378
92e911621_248,-0.068026975
92e911621_249,-0.007920592
92e911621_250,0.04597402
92e911621_251,0.09180497
92e911621_252,-0.01970198
92e911621_253,-0.03405703
92e911621_254,0.03873908
92e911621_255,-0.080759875
92e911621_256,-0.088327564
92e911621_257,-0.0034438109
92e911621_258,-0.013619684
92e911621_259,-0.058019843
92e911621_260,0.056155268
92e911621_261,0.042449206
92e911621_262,-0.0036305378
92e911621_263,0.008360493
92e911621_264,-0.039098587
92e911621_265,0.048025496
92e911621_266,0.0500307
92e911621_267,0.035302233
92e911621_268,0.05979751
92e911621_269,0.01304467
92e911621_270,-0.036437448
92e911621_271,-0.094337106
92e911621_272,-0.053149074
92e911621_273,-0.15317495
92e911621_274,-0.010844542
92e911621_275,-0.01794403
92e911621_276,0.032316156
92e911621_277,0.035778966
92e911621_278,-0.039154395
92e911621_279,-0.00048673525
92e911621_280,-0.008059508
92e911621_281,-0.01010472
92e911621_282,0.09662211
92e911621_283,0.03181814
92e911621_284,-0.011971555
92e911621_285,0.012205956
92e911621_286,0.061675023
92e911621_287,0.02095592
92e911621_288,-0.064263195
92e911621_289,-0.021299686
92e911621_290,0.008410072
92e911621_291,-0.038115423
92e911621_292,0.032239225
92e911621_293,-0.044260144
92e911621_294,-0.115075015
92e911621_295,0.013908275
92e911621_296,0.005846374
92e911621_297,-0.05122411
92e911621_298,-0.032218754
92e911621_299,-0.024317658
92e911621_300,0.074838325
92e911621_301,0.0005273419
92e911621_302,-0.047513407
92e911621_303,0.061717663
92e911621_304,-0.045515828
92e911621_305,-0.042905103
92e911621_306,-0.06837696
92e911621_307,-0.041547135
92e911621_308,-0.02553898
92e911621_309,0.0034600485
92e911621_310,-0.049424727
92e911621_311,-0.021414183
92e911621_312,0.041564353
92e911621_313,-0.02068942
92e911621_314,0.020862266
92e911621_315,-0.041261103
92e911621_316,0.03351463
92e911621_317,0.041572522
92e911621_318,0.0053924886
92e911621_319,0.0469246
92e911621_320,-2.2337572e-08
92e911621_321,-0.1310992
92e911621_322,-0.11811048
92e911621_323,-0.034929655
92e911621_324,-0.06037881
92e911621_325,0.023814157
92e911621_326,-0.0066172476
92e911621_327,0.019578153
92e911621_328,-0.08906443
92e911621_329,0.037837733
92e911621_330,0.004407978
92e911621_331,0.029957224
92e911621_332,0.094456546
92e911621_333,0.03813538
92e911621_334,0.037808813
92e911621_335,-0.031278063
92e911621_336,0.08749984
92e911621_337,-0.035285525
92e911621_338,-0.06958282
92e911621_339,0.007980594
92e911621_340,-0.009524931
92e911621_341,0.005714329
92e911621_342,-0.00096924487
92e911621_343,-0.056769792
92e911621_344,-0.077285126
92e911621_345,0.06922853
92e911621_346,-0.0037405016
92e911621_347,-0.054593187
92e911621_348,0.04800534
92e911621_349,-0.013736473
92e911621_350,0.026531229
92e911621_351,0.071411386
92e911621_352,0.038874164
92e911621_353,0.01991956
92e911621_354,-0.044469073
92e911621_355,0.047988962
92e911621_356,0.10219187
92e911621_357,0.08085411
92e911621_358,0.033739273
92e911621_359,0.027591452
92e911621_360,-0.07424996
92e911621_361,0.07188161
92e911621_362,-0.08613342
92e911621_363,0.007369719
92e911621_364,0.01043184
92e911621_365,-0.050847128
92e911621_366,0.020006575
92e911621_367,0.005079636
92e911621_368,0.04434398
92e911621_369,-0.030386435
92e911621_370,-0.0727921
92e911621_371,0.007252067
92e911621_372,-0.08341558
92e911621_373,0.047540087
92e911621_374,-0.060104575
92e911621_375,0.02862616
92e911621_376,-0.012014635
92e911621_377,0.022253934
92e911621_378,0.022624688
92e911621_379,-0.006632963
92e911621_380,-0.04662825
92e911621_381,0.019292992
92e911621_382,0.034582987
92e911621_383,0.007788883
92e911621_384,0.069274455
a4e1c55a9_1,-0.07875619
a4e1c55a9_2,0.046101555
a4e1c55a9_3,0.031931248
a4e1c55a9_4,-0.030437877
a4e1c55a9_5,-0.038957234
a4e1c55a9_6,0.068040654
a4e1c55a9_7,0.061227527
a4e1c55a9_8,0.114796504
a4e1c55a9_9,0.021669654
a4e1c55a9_10,0.034898844
a4e1c55a9_11,0.028462112
a4e1c55a9_12,-0.06335987
a4e1c55a9_13,-0.017347522
a4e1c55a9_14,0.08837776
a4e1c55a9_15,0.024146166
a4e1c55a9_16,0.08875315
a4e1c55a9_17,0.02990686
a4e1c55a9_18,0.06100047
a4e1c55a9_19,0.005871333
a4e1c55a9_20,-0.13372827
a4e1c55a9_21,-0.00995334
a4e1c55a9_22,0.019821443
a4e1c55a9_23,0.049626805
a4e1c55a9_24,0.0023108057
a4e1c55a9_25,-0.12017101
a4e1c55a9_26,0.09652978
a4e1c55a9_27,-0.042743206
a4e1c55a9_28,0.04936533
a4e1c55a9_29,0.043993928
a4e1c55a9_30,-0.042690217
a4e1c55a9_31,0.019510817
a4e1c55a9_32,-0.07044607
a4e1c55a9_33,-0.0317663
a4e1c55a9_34,0.010511369
a4e1c55a9_35,-0.015841639
a4e1c55a9_36,0.05143524
a4e1c55a9_37,0.013216185
a4e1c55a9_38,-0.049476765
a4e1c55a9_39,-0.07675605
a4e1c55a9_40,0.049747776
a4e1c55a9_41,0.0009833565
a4e1c55a9_42,-0.040773127
a4e1c55a9_43,-0.05958043
a4e1c55a9_44,-0.031499695
a4e1c55a9_45,0.028669795
a4e1c55a9_46,0.023661168
a4e1c55a9_47,-0.02057059
a4e1c55a9_48,0.039216127
a4e1c55a9_49,-0.021189552
a4e1c55a9_50,-0.01293108
a4e1c55a9_51,0.0122542735
a4e1c55a9_52,-0.045515575
a4e1c55a9_53,0.048166044
a4e1c55a9_54,0.0057458705
a4e1c55a9_55,0.08257354
a4e1c55a9_56,0.039711352
a4e1c55a9_57,0.036326073
a4e1c55a9_58,-0.044633348
a4e1c55a9_59,0.084685974
a4e1c55a9_60,-0.028581502
a4e1c55a9_61,-0.0104983505
a4e1c55a9_62,0.019510534
a4e1c55a9_63,-0.07345759
a4e1c55a9_64,0.012905751
a4e1c55a9_65,-0.03757455
a4e1c55a9_66,-0.013031388
a4e1c55a9_67,0.012241138
a4e1c55a9_68,0.033776693
a4e1c55a9_69,-0.007690075
a4e1c55a9_70,-0.020450367
a4e1c55a9_71,0.060101204
a4e1c55a9_72,-0.013828327
a4e1c55a9_73,0.062243626
a4e1c55a9_74,0.08704567
a4e1c55a9_75,0.0164932
a4e1c55a9_76,0.051658016
a4e1c55a9_77,0.015875183
a4e1c55a9_78,0.038468048
a4e1c55a9_79,-0.02341089
a4e1c55a9_80,0.0055060037
a4e1c55a9_81,-0.0512359
a4e1c55a9_82,-0.008917331
a4e1c55a9_83,0.039951116
a4e1c55a9_84,-0.03773022
a4e1c55a9_85,-0.047790583
a4e1c55a9_86,0.058867346
a4e1c55a9_87,-0.0011248448
a4e1c55a9_88,0.010534112
a4e1c55a9_89,-0.016843393
a4e1c55a9_90,0.031272765
a4e1c55a9_91,-0.008751778
a4e1c55a9_92,-0.008147599
a4e1c55a9_93,-0.06703676
a4e1c55a9_94,0.06344561
a4e1c55a9_95,0.05564916
a4e1c55a9_96,0.029661035
a4e1c55a9_97,-0.16133521
a4e1c55a9_98,-0.15111424
a4e1c55a9_99,-0.054443892
a4e1c55a9_100,-0.06830712
a4e1c55a9_101,0.019813808
a4e1c55a9_102,0.013796005
a4e1c55a9_103,0.073459186
a4e1c55a9_104,0.083149016
a4e1c55a9_105,-0.07832907
a4e1c55a9_106,-0.11405598
a4e1c55a9_107,0.0033360235
a4e1c55a9_108,0.0660605
a4e1c55a9_109,-0.019164415
a4e1c55a9_110,-0.044733346
a4e1c55a9_111,-0.022623641
a4e1c55a9_112,-0.1132083
a4e1c55a9_113,0.06817907
a4e1c55a9_114,-0.028499018
a4e1c55a9_115,0.0046509337
a4e1c55a9_116,-0.022406835
a4e1c55a9_117,0.046882235
a4e1c55a9_118,0.05580747
a4e1c55a9_119,-0.053330258
a4e1c55a9_120,-0.047652118
a4e1c55a9_121,0.13520184
a4e1c55a9_122,0.013470914
a4e1c55a9_123,-0.058852736
a4e1c55a9_124,-0.0010474564
a4e1c55a9_125,-0.09631139
a4e1c55a9_126,-0.101797976
a4e1c55a9_127,-0.034225233
a4e1c55a9_128,1.758273e-33
a4e1c55a9_129,0.009100423
a4e1c55a9_130,4.647669e-05
a4e1c55a9_131,0.073070444
a4e1c55a9_132,-0.06902494
a4e1c55a9_133,0.077005215
a4e1c55a9_134,0.04287248
a4e1c55a9_135,0.018878454
a4e1c55a9_136,-0.02257702
a4e1c55a9_137,-0.082068406
a4e1c55a9_138,0.06501296
a4e1c55a9_139,-0.0050190613
a4e1c55a9_140,0.0018572717
a4e1c55a9_141,-0.021945737
a4e1c55a9_142,-0.0006925602
a4e1c55a9_143,0.043353587
a4e1c55a9_144,-0.037709177
a4e1c55a9_145,-0.05410633
a4e1c55a9_146,-0.008256848
a4e1c55a9_147,-0.13937142
a4e1c55a9_148,0.023843877
a4e1c55a9_149,0.034047812
a4e1c55a9_150,-0.020075148
a4e1c55a9_151,0.010117817
a4e1c55a9_152,0.051067248
a4e1c55a9_153,0.04077966
a4e1c55a9_154,0.06256641
a4e1c55a9_155,-0.012873632
a4e1c55a9_156,0.009104256
a4e1c55a9_157,0.03333253
a4e1c55a9_158,-0.024495902
a4e1c55a9_159,-0.027330188
a4e1c55a9_160,-0.023636365
a4e1c55a9_161,-0.045440678
a4e1c55a9_162,-0.047218136
a4e1c55a9_163,-0.043739572
a4e1c55a9_164,-0.046002124
a4e1c55a9_165,0.07158499
a4e1c55a9_166,-0.038228627
a4e1c55a9_167,-0.038308006
a4e1c55a9_168,0.004726636
a4e1c55a9_169,0.01716949
a4e1c55a9_170,-0.055620175
a4e1c55a9_171,-0.00040653703
a4e1c55a9_172,0.0108522335
a4e1c55a9_173,-0.052859176
a4e1c55a9_174,-0.035818145
a4e1c55a9_175,0.05082495
a4e1c55a9_176,-0.0030619674
a4e1c55a9_177,0.01558782
a4e1c55a9_178,-0.0011285178
a4e1c55a9_179,0.02695517
a4e1c55a9_180,0.025315816
a4e1c55a9_181,-0.026987081
a4e1c55a9_182,-0.07392928
a4e1c55a9_183,-0.010250267
a4e1c55a9_184,0.024191245
a4e1c55a9_185,0.047685273
a4e1c55a9_186,0.08224714
a4e1c55a9_187,-0.046500538
a4e1c55a9_188,-0.09446504
a4e1c55a9_189,0.021133745
a4e1c55a9_190,-0.021901568
a4e1c55a9_191,-0.0073185246
a4e1c55a9_192,-0.04376366
a4e1c55a9_193,-0.024974158
a4e1c55a9_194,-0.07031716
a4e1c55a9_195,0.0048687994
a4e1c55a9_196,-0.0039092507
a4e1c55a9_197,-0.025406497
a4e1c55a9_198,-0.048112985
a4e1c55a9_199,8.43562e-05
a4e1c55a9_200,-0.0825664
a4e1c55a9_201,0.01878954
a4e1c55a9_202,-0.053682406
a4e1c55a9_203,0.089396454
a4e1c55a9_204,-0.03398391
a4e1c55a9_205,0.017076561
a4e1c55a9_206,0.008463737
a4e1c55a9_207,0.01962457
a4e1c55a9_208,-0.03418318
a4e1c55a9_209,-0.027402507
a4e1c55a9_210,0.014328274
a4e1c55a9_211,0.042612772
a4e1c55a9_212,-0.028896635
a4e1c55a9_213,-0.030099697
a4e1c55a9_214,-0.028406708
a4e1c55a9_215,-0.034310594
a4e1c55a9_216,0.0092530865
a4e1c55a9_217,-0.018953493
a4e1c55a9_218,0.09831976
a4e1c55a9_219,-0.021650556
a4e1c55a9_220,0.00017264353
a4e1c55a9_221,0.024177102
a4e1c55a9_222,0.107609585
a4e1c55a9_223,-0.009509048
a4e1c55a9_224,-3.095693e-33
a4e1c55a9_225,0.05281026
a4e1c55a9_226,0.033636283
a4e1c55a9_227,0.019121032
a4e1c55a9_228,-0.018188067
a4e1c55a9_229,0.09058414
a4e1c55a9_230,-0.09485356
a4e1c55a9_231,-0.035531495
a4e1c55a9_232,0.09135856
a4e1c55a9_233,0.03452374
a4e1c55a9_234,-0.027524004
a4e1c55a9_235,0.009784361
a4e1c55a9_236,0.043827023
a4e1c55a9_237,-0.05316505
a4e1c55a9_238,-0.0020777525
a4e1c55a9_239,0.049057957
a4e1c55a9_240,0.04392077
a4e1c55a9_241,0.07106603
a4e1c55a9_242,0.10911744
a4e1c55a9_243,0.011795311
a4e1c55a9_244,0.076719895
a4e1c55a9_245,0.034942802
a4e1c55a9_246,-0.04784864
a4e1c55a9_247,-0.069567464
a4e1c55a9_248,0.014908789
a4e1c55a9_249,0.07420306
a4e1c55a9_250,0.04613841
a4e1c55a9_251,0.102958255
a4e1c55a9_252,-0.0005333317
a4e1c55a9_253,-0.022483872
a4e1c55a9_254,0.003985844
a4e1c55a9_255,-0.026057871
a4e1c55a9_256,-0.06516964
a4e1c55a9_257,0.02350499
a4e1c55a9_258,0.057469763
a4e1c55a9_259,-0.053710695
a4e1c55a9_260,-0.02149165
a4e1c55a9_261,-0.0070913504
a4e1c55a9_262,-0.095349334
a4e1c55a9_263,0.0133007085
a4e1c55a9_264,-0.03373454
a4e1c55a9_265,0.081534274
a4e1c55a9_266,-0.0068701063
a4e1c55a9_267,0.08673862
a4e1c55a9_268,0.08077999
a4e1c55a9_269,-0.005707534
a4e1c55a9_270,-0.049617697
a4e1c55a9_271,-0.025387479
a4e1c55a9_272,0.09375814
a4e1c55a9_273,-0.11464652
a4e1c55a9_274,-0.00973755
a4e1c55a9_275,-0.023764009
a4e1c55a9_276,0.09034249
a4e1c55a9_277,0.010288284
a4e1c55a9_278,0.018441573
a4e1c55a9_279,0.049018767
a4e1c55a9_280,0.055512626
a4e1c55a9_281,-0.02524015
a4e1c55a9_282,-0.004433286
a4e1c55a9_283,-0.021496875
a4e1c55a9_284,-0.061535027
a4e1c55a9_285,0.07756289
a4e1c55a9_286,-0.022087026
a4e1c55a9_287,-0.08649881
a4e1c55a9_288,-0.031301204
a4e1c55a9_289,0.031148575
a4e1c55a9_290,0.002317503
a4e1c55a9_291,-0.037218336
a4e1c55a9_292,0.03642603
a4e1c55a9_293,-0.06610689
a4e1c55a9_294,-0.079824634
a4e1c55a9_295,-0.011844795
a4e1c55a9_296,0.01409792
a4e1c55a9_297,0.004520508
a4e1c55a9_298,-0.1301116
a4e1c55a9_299,-0.06732492
a4e1c55a9_300,-0.051255237
a4e1c55a9_301,-0.044074804
a4e1c55a9_302,0.024747767
a4e1c55a9_303,0.047624897
a4e1c55a9_304,0.0027302692
a4e1c55a9_305,-0.025454378
a4e1c55a9_306,-0.068069614
a4e1c55a9_307,0.001882318
a4e1c55a9_308,-0.06237841
a4e1c55a9_309,0.021011787
a4e1c55a9_310,-0.037952207
a4e1c55a9_311,-0.027663903
a4e1c55a9_312,0.070769854
a4e1c55a9_313,-0.0028339156
a4e1c55a9_314,-0.005890804
a4e1c55a9_315,0.013952607
a4e1c55a9_316,0.027664728
a4e1c55a9_317,0.12406706
a4e1c55a9_318,0.069889605
a4e1c55a9_319,0.0028770794
a4e1c55a9_320,-2.0996643e-08
a4e1c55a9_321,-0.030517308
a4e1c55a9_322,-0.07243515
a4e1c55a9_323,-0.062051
a4e1c55a9_324,-0.049083613
a4e1c55a9_325,0.04969307
a4e1c55a9_326,0.05288287
a4e1c55a9_327,0.012636354
a4e1c55a9_328,0.02098045
a4e1c55a9_329,-0.025623828
a4e1c55a9_330,0.029135484
a4e1c55a9_331,-0.0024749176
a4e1c55a9_332,0.03383396
a4e1c55a9_333,0.09152788
a4e1c55a9_334,0.07572378
a4e1c55a9_335,0.004428434
a4e1c55a9_336,0.02827374
a4e1c55a9_337,-0.02852328
a4e1c55a9_338,0.02935688
a4e1c55a9_339,0.03913984
a4e1c55a9_340,0.02013374
a4e1c55a9_341,-0.03743064
a4e1c55a9_342,0.028430263
a4e1c55a9_343,0.045918263
a4e1c55a9_344,0.02528286
a4e1c55a9_345,-0.07866182
a4e1c55a9_346,-0.03245483
a4e1c55a9_347,-0.017709907
a4e1c55a9_348,0.022260476
a4e1c55a9_349,0.0063407263
a4e1c55a9_350,0.022366965
a4e1c55a9_351,0.04921235
a4e1c55a9_352,0.034071308
a4e1c55a9_353,-0.004339495
a4e1c55a9_354,0.010602203
a4e1c55a9_355,-0.03271822
a4e1c55a9_356,0.036410194
a4e1c55a9_357,0.026288414
a4e1c55a9_358,0.068281256
a4e1c55a9_359,-0.021757288
a4e1c55a9_360,-0.020312537
a4e1c55a9_361,0.07480528
a4e1c55a9_362,-0.0019447899
a4e1c55a9_363,0.045489006
a4e1c55a9_364,0.034954473
a4e1c55a9_365,-0.11341886
a4e1c55a9_366,-0.072518595
a4e1c55a9_367,-0.08932638
a4e1c55a9_368,-0.00094096846
a4e1c55a9_369,0.033844605
a4e1c55a9_370,-0.01609859
a4e1c55a9_371,-0.03866206
a4e1c55a9_372,-0.078287564
a4e1c55a9_373,-0.068690024
a4e1c55a9_374,-0.0050223405
a4e1c55a9_375,0.07570308
a4e1c55a9_376,0.012598846
a4e1c55a9_377,0.033922203
a4e1c55a9_378,0.01069879
a4e1c55a9_379,-0.07962859
a4e1c55a9_380,0.0870596
a4e1c55a9_381,-0.028551314
a4e1c55a9_382,-0.019258372
a4e1c55a9_383,0.028098004
a4e1c55a9_384,0.081352025
c98f79f71_1,-0.004637589
c98f79f71_2,0.08915918
c98f79f71_3,0.02655171
c98f79f71_4,-0.026928404
c98f79f71_5,-0.16789998
c98f79f71_6,0.036926106
c98f79f71_7,0.07675396
c98f79f71_8,0.13986714
c98f79f71_9,-0.06152453
c98f79f71_10,0.062321775
c98f79f71_11,-0.05709542
c98f79f71_12,-0.046035096
c98f79f71_13,0.0563215
c98f79f71_14,0.09017312
c98f79f71_15,0.040377572
c98f79f71_16,0.107416876
c98f79f71_17,-0.0009686705
c98f79f71_18,0.009547255
c98f79f71_19,0.068782225
c98f79f71_20,-0.0020329072
c98f79f71_21,0.069752306
c98f79f71_22,0.05449738
c98f79f71_23,-0.024744771
c98f79f71_24,-0.044803254
c98f79f71_25,-0.08096172
c98f79f71_26,-0.02678885
c98f79f71_27,-0.050070226
c98f79f71_28,0.089813
c98f79f71_29,0.07551809
c98f79f71_30,-0.025941612
c98f79f71_31,-0.0024623768
c98f79f71_32,0.004641513
c98f79f71_33,0.029857477
c98f79f71_34,-0.0680402
c98f79f71_35,-0.0524892
c98f79f71_36,-0.029872136
c98f79f71_37,-0.04117476
c98f79f71_38,0.0014681981
c98f79f71_39,-0.020595703
c98f79f71_40,0.022491738
c98f79f71_41,0.06419895
c98f79f71_42,-0.03600281
c98f79f71_43,-0.007934897
c98f79f71_44,0.042508155
c98f79f71_45,0.035460565
c98f79f71_46,0.022602148
c98f79f71_47,0.05088708
c98f79f71_48,0.00961141
c98f79f71_49,0.039376736
c98f79f71_50,0.03031303
c98f79f71_51,0.05037215
c98f79f71_52,0.029653564
c98f79f71_53,0.10510564
c98f79f71_54,0.0040056533
c98f79f71_55,0.04397746
c98f79f71_56,-0.026296461
c98f79f71_57,-0.010229631
c98f79f71_58,0.026694633
c98f79f71_59,-0.0008620588
c98f79f71_60,-0.07815843
c98f79f71_61,0.042244203
c98f79f71_62,-0.00090021384
c98f79f71_63,-0.03940696
c98f79f71_64,0.019641714
c98f79f71_65,-0.014641088
c98f79f71_66,-0.011424668
c98f79f71_67,-0.003951974
c98f79f71_68,-0.08104891
c98f79f71_69,0.01691127
c98f79f71_70,0.062616765
c98f79f71_71,-0.007025504
c98f79f71_72,-0.05740068
c98f79f71_73,-0.05726102
c98f79f71_74,0.0053151543
c98f79f71_75,-0.056554314
c98f79f71_76,-0.007609214
c98f79f71_77,-0.03727598
c98f79f71_78,0.047939505
c98f79f71_79,-0.079708084
c98f79f71_80,-0.04044492
c98f79f71_81,-0.024849178
c98f79f71_82,-0.09721092
c98f79f71_83,0.056054227
c98f79f71_84,0.017779104
c98f79f71_85,-0.04690707
c98f79f71_86,0.036591403
c98f79f71_87,0.008194968
c98f79f71_88,0.024433715
c98f79f71_89,0.041820917
c98f79f71_90,0.014918122
c98f79f71_91,-0.0059270645
c98f79f71_92,-0.06067532
c98f79f71_93,-0.0075998693
c98f79f71_94,0.006585141
c98f79f71_95,-0.021803752
c98f79f71_96,0.025168503
c98f79f71_97,-0.047042776
c98f79f71_98,-0.013326859
c98f79f71_99,-0.011562891
c98f79f71_100,0.03004683
c98f79f71_101,0.022951344
c98f79f71_102,-0.03518465
c98f79f71_103,0.07470493
c98f79f71_104,0.10133374
c98f79f71_105,-0.015072526
c98f79f71_106,-0.03961839
c98f79f71_107,0.08094525
c98f79f71_108,0.004529151
c98f79f71_109,-0.022378303
c98f79f71_110,0.036498528
c98f79f71_111,-0.015174488
c98f79f71_112,-0.07358344
c98f79f71_113,0.08972366
c98f79f71_114,-0.04658381
c98f79f71_115,0.097720884
c98f79f71_116,0.09225684
c98f79f71_117,0.01717979
c98f79f71_118,0.031223195
c98f79f71_119,-0.03863501
c98f79f71_120,-0.009976651
c98f79f71_121,0.068701036
c98f79f71_122,0.01716187
c98f79f71_123,-0.005739537
c98f79f71_124,0.0799546
c98f79f71_125,0.016216332
c98f79f71_126,-0.04671332
c98f79f71_127,0.029379625
c98f79f71_128,9.806258e-34
c98f79f71_129,-0.026114188
c98f79f71_130,-0.1007203
c98f79f71_131,0.054891393
c98f79f71_132,0.040584333
c98f79f71_133,0.06753135
c98f79f71_134,0.026306154
c98f79f71_135,-0.03639381
c98f79f71_136,-0.01671631
c98f79f71_137,-0.07616884
c98f79f71_138,-0.011522315
c98f79f71_139,0.033357468
c98f79f71_140,0.049645845
c98f79f71_141,0.014989841
c98f79f71_142,0.038681276
c98f79f71_143,0.0070565315
c98f79f71_144,0.026608575
c98f79f71_145,-0.043048568
c98f79f71_146,-0.08917602
c98f79f71_147,-0.08189839
c98f79f71_148,-0.047282428
c98f79f71_149,0.04047709
c98f79f71_150,-0.14151888
c98f79f71_151,-0.012682097
c98f79f71_152,0.051808286
c98f79f71_153,-0.02403438
c98f79f71_154,0.0022501824
c98f79f71_155,-0.011097354
c98f79f71_156,0.014351328
c98f79f71_157,0.015469181
c98f79f71_158,-0.018843008
c98f79f71_159,-0.08853387
c98f79f71_160,-0.023584941
c98f79f71_161,-0.046749093
c98f79f71_162,0.0022569825
c98f79f71_163,-0.040044196
c98f79f71_164,-0.032888405
c98f79f71_165,-0.02725556
c98f79f71_166,0.056745272
c98f79f71_167,-0.13697757
c98f79f71_168,-0.025018988
c98f79f71_169,0.022522813
c98f79f71_170,-0.0016442777
c98f79f71_171,-0.0580894
c98f79f71_172,-0.050937355
c98f79f71_173,-0.055549808
c98f79f71_174,-0.08217362
c98f79f71_175,0.031765044
c98f79f71_176,0.011436371
c98f79f71_177,0.015815293
c98f79f71_178,0.00056512444
c98f79f71_179,-0.015655266
c98f79f71_180,-0.0078081726
c98f79f71_181,-0.048783038
c98f79f71_182,-0.046396457
c98f79f71_183,-0.024026543
c98f79f71_184,0.011606155
c98f79f71_185,0.049664184
c98f79f71_186,0.030674674
c98f79f71_187,-0.053817123
c98f79f71_188,0.027768735
c98f79f71_189,-0.011182365
c98f79f71_190,-0.021604225
c98f79f71_191,0.0054862634
c98f79f71_192,0.045655176
c98f79f71_193,-0.02586409
c98f79f71_194,-0.035111427
c98f79f71_195,-0.044620574
c98f79f71_196,-0.028790547
c98f79f71_197,-0.08071546
c98f79f71_198,0.062152285
c98f79f71_199,0.038632665
c98f79f71_200,-0.027671035
c98f79f71_201,0.05857039
c98f79f71_202,-0.015276793
c98f79f71_203,0.1067674
c98f79f71_204,-0.0020420281
c98f79f71_205,-0.10673595
c98f79f71_206,0.017154181
c98f79f71_207,0.0039389725
c98f79f71_208,-0.06077451
c98f79f71_209,0.053320512
c98f79f71_210,-0.057580728
c98f79f71_211,-0.031745154
c98f79f71_212,-0.10140862
c98f79f71_213,-0.06026608
c98f79f71_214,0.013082582
c98f79f71_215,0.03630106
c98f79f71_216,-0.03147022
c98f79f71_217,-0.010697218
c98f79f71_218,0.054538157
c98f79f71_219,-0.044002328
c98f79f71_220,0.0053344336
c98f79f71_221,0.030697454
c98f79f71_222,0.09663691
c98f79f71_223,0.030160852
c98f79f71_224,-3.4008363e-33
c98f79f71_225,-0.031365052
c98f79f71_226,0.072304524
c98f79f71_227,0.050340347
c98f79f71_228,-0.015099575
c98f79f71_229,0.06714871
c98f79f71_230,-0.00088742666
c98f79f71_231,0.08678728
c98f79f71_232,0.035058837
c98f79f71_233,0.025621273
c98f79f71_234,-0.008692856
c98f79f71_235,0.055055782
c98f79f71_236,-0.0059771636
c98f79f71_237,0.051921286
c98f79f71_238,0.043405607
c98f79f71_239,0.019900626
c98f79f71_240,-0.07177102
c98f79f71_241,0.056859832
c98f79f71_242,-0.009052767
c98f79f71_243,0.06198412
c98f79f71_244,0.055879373
c98f79f71_245,0.011965201
c98f79f71_246,-0.06715988
c98f79f71_247,-0.13100825
c98f79f71_248,-0.05555821
c98f79f71_249,-0.0058918977
c98f79f71_250,0.030395856
c98f79f71_251,0.037591156
c98f79f71_252,0.044445813
c98f79f71_253,-0.027295955
c98f79f71_254,0.062487397
c98f79f71_255,-0.10181939
c98f79f71_256,-0.06845325
c98f79f71_257,0.039095115
c98f79f71_258,0.0035990828
c98f79f71_259,-0.10548908
c98f79f71_260,0.029433675
c98f79f71_261,-0.07592154
c98f79f71_262,-0.008024265
c98f79f71_263,0.02981076
c98f79f71_264,-0.08284937
c98f79f71_265,0.0038563558
c98f79f71_266,0.0042986893
c98f79f71_267,0.061381534
c98f79f71_268,0.043592412
c98f79f71_269,0.07614514
c98f79f71_270,-0.06838862
c98f79f71_271,-0.050540794
c98f79f71_272,-0.009470517
c98f79f71_273,-0.032690503
c98f79f71_274,-0.09951131
c98f79f71_275,-0.012031812
c98f79f71_276,0.05020196
c98f79f71_277,0.031313494
c98f79f71_278,0.002250798
c98f79f71_279,0.01584089
c98f79f71_280,0.04157955
c98f79f71_281,0.045776382
c98f79f71_282,0.061984032
c98f79f71_283,-0.011457708
c98f79f71_284,-0.02558953
c98f79f71_285,0.024704143
c98f79f71_286,0.047653202
c98f79f71_287,-0.010150441
c98f79f71_288,-0.02725567
c98f79f71_289,-0.050030358
c98f79f71_290,-0.04039575
c98f79f71_291,-0.06954445
c98f79f71_292,0.007758525
c98f79f71_293,-0.036474947
c98f79f71_294,-0.083608225
c98f79f71_295,-0.030519385
c98f79f71_296,-0.034143098
c98f79f71_297,0.028784562
c98f79f71_298,-0.090604
c98f79f71_299,0.02708109
c98f79f71_300,-0.02250847
c98f79f71_301,0.0032806974
c98f79f71_302,-0.016252317
c98f79f71_303,0.08092814
c98f79f71_304,-0.14864461
c98f79f71_305,-0.04982859
c98f79f71_306,-0.09627862
c98f79f71_307,0.02022196
c98f79f71_308,0.02957655
c98f79f71_309,-0.045759793
c98f79f71_310,-0.05435629
c98f79f71_311,-0.05589246
c98f79f71_312,-0.007999708
c98f79f71_313,0.0036432266
c98f79f71_314,0.07925432
c98f79f71_315,0.030684687
c98f79f71_316,0.061770324
c98f79f71_317,0.015650434
c98f79f71_318,0.04501996
c98f79f71_319,-0.010583405
c98f79f71_320,-2.1177573e-08
c98f79f71_321,-0.0530294
c98f79f71_322,-0.12438257
c98f79f71_323,-0.073438734
c98f79f71_324,-0.046277665
c98f79f71_325,0.067378394
c98f79f71_326,0.043291353
c98f79f71_327,0.025035042
c98f79f71_328,-0.0353385
c98f79f71_329,-0.020185232
c98f79f71_330,0.031790804
c98f79f71_331,0.03598747
c98f79f71_332,0.09364145
c98f79f71_333,0.0041494714
c98f79f71_334,0.13344564
c98f79f71_335,-0.0052432567
c98f79f71_336,0.07000262
c98f79f71_337,0.01148746
c98f79f71_338,-0.034604616
c98f79f71_339,0.011841504
c98f79f71_340,-0.033940446
c98f79f71_341,-0.05975913
c98f79f71_342,-0.019018423
c98f79f71_343,-0.04156667
c98f79f71_344,-0.07822525
c98f79f71_345,0.010592602
c98f79f71_346,0.027954822
c98f79f71_347,-0.019075617
c98f79f71_348,0.08548346
c98f79f71_349,0.05085894
c98f79f71_350,-0.0016149947
c98f79f71_351,0.033067722
c98f79f71_352,0.08521214
c98f79f71_353,-0.01673609
c98f79f71_354,0.0072494047
c98f79f71_355,0.0051953197
c98f79f71_356,0.03359673
c98f79f71_357,0.0477667
c98f79f71_358,0.042449094
c98f79f71_359,0.060714804
c98f79f71_360,-0.032913346
c98f79f71_361,0.088392444
c98f79f71_362,0.0023014147
c98f79f71_363,0.022028096
c98f79f71_364,0.010893162
c98f79f71_365,-0.054485977
c98f79f71_366,-0.0078496635
c98f79f71_367,-0.08524838
c98f79f71_368,0.03552684
c98f79f71_369,0.001206644
c98f79f71_370,-0.04733922
c98f79f71_371,0.04930971
c98f79f71_372,-0.113079034
c98f79f71_373,0.048018325
c98f79f71_374,-0.029967366
c98f79f71_375,0.029056212
c98f79f71_376,0.008858281
c98f79f71_377,0.013720834
c98f79f71_378,-0.005886176
c98f79f71_379,-0.062846676
c98f79f71_380,0.019346887
c98f79f71_381,-0.010279388
c98f79f71_382,0.022300947
c98f79f71_383,0.076413594
c98f79f71_384,-0.036941282
d8edf2e40_1,-0.023474684
d8edf2e40_2,0.013861885
d8edf2e40_3,0.089829236
d8edf2e40_4,0.015948314
d8edf2e40_5,-0.040877808
d8edf2e40_6,0.015816262
d8edf2e40_7,0.0015642028
d8edf2e40_8,-0.085098304
d8edf2e40_9,0.020879995
d8edf2e40_10,0.12464061
d8edf2e40_11,-0.028878745
d8edf2e40_12,-0.11741296
d8edf2e40_13,0.005923682
d8edf2e40_14,0.047619704
d8edf2e40_15,-0.014841999
d8edf2e40_16,0.08861782
d8edf2e40_17,-0.06822679
d8edf2e40_18,-0.047767173
d8edf2e40_19,0.03755422
d8edf2e40_20,-0.12682816
d8edf2e40_21,-0.054867905
d8edf2e40_22,0.042860884
d8edf2e40_23,-0.016766995
d8edf2e40_24,-0.050532892
d8edf2e40_25,-0.11020177
d8edf2e40_26,0.052935816
d8edf2e40_27,-0.058857948
d8edf2e40_28,-0.010448312
d8edf2e40_29,-0.0003102128
d8edf2e40_30,-0.08575296
d8edf2e40_31,-0.045909
d8edf2e40_32,-0.035697192
d8edf2e40_33,-0.02610198
d8edf2e40_34,0.0073474594
d8edf2e40_35,0.041410603
d8edf2e40_36,0.00956748
d8edf2e40_37,-0.055381767
d8edf2e40_38,0.008412693
d8edf2e40_39,-0.008666246
d8edf2e40_40,0.041767195
d8edf2e40_41,-0.0031960078
d8edf2e40_42,-0.025046557
d8edf2e40_43,0.043261368
d8edf2e40_44,0.005406413
d8edf2e40_45,-0.050861415
d8edf2e40_46,0.029776353
d8edf2e40_47,-0.024975887
d8edf2e40_48,-0.047118254
d8edf2e40_49,0.06020738
d8edf2e40_50,-0.013482507
d8edf2e40_51,0.0121300025
d8edf2e40_52,-0.05689602
d8edf2e40_53,-0.08852498
d8edf2e40_54,-0.016676484
d8edf2e40_55,0.0119444085
d8edf2e40_56,0.014844277
d8edf2e40_57,0.005136867
d8edf2e40_58,0.0026818695
d8edf2e40_59,0.031347904
d8edf2e40_60,-0.03516641
d8edf2e40_61,0.096978486
d8edf2e40_62,0.08531467
d8edf2e40_63,-0.03279471
d8edf2e40_64,-0.019505445
d8edf2e40_65,0.051699623
d8edf2e40_66,-0.06964788
d8edf2e40_67,0.057843555
d8edf2e40_68,-0.020360736
d8edf2e40_69,-0.0718614
d8edf2e40_70,-0.05911049
d8edf2e40_71,-0.02464694
d8edf2e40_72,0.0356201
d8edf2e40_73,0.0050643836
d8edf2e40_74,0.0059260894
d8edf2e40_75,-0.032555416
d8edf2e40_76,0.014805934
d8edf2e40_77,-0.020477567
d8edf2e40_78,0.05502155
d8edf2e40_79,0.040114325
d8edf2e40_80,-0.047357578
d8edf2e40_81,-0.055333577
d8edf2e40_82,-0.021650957
d8edf2e40_83,0.0066379383
d8edf2e40_84,0.0543489
d8edf2e40_85,-0.04745958
d8edf2e40_86,0.054510448
d8edf2e40_87,-0.024953542
d8edf2e40_88,0.021621823
d8edf2e40_89,0.049682494
d8edf2e40_90,-0.050167747
d8edf2e40_91,-0.021453353
d8edf2e40_92,-0.08107957
d8edf2e40_93,-0.11151225
d8edf2e40_94,0.045798767
d8edf2e40_95,0.15294385
d8edf2e40_96,0.016252374
d8edf2e40_97,-0.041688927
d8edf2e40_98,-0.015783604
d8edf2e40_99,0.00013294938
d8edf2e40_100,0.0026449761
d8edf2e40_101,0.06831328
d8edf2e40_102,-0.027526613
d8edf2e40_103,0.02893892
d8edf2e40_104,-0.05521955
d8edf2e40_105,0.05690711
d8edf2e40_106,-0.0466061
d8edf2e40_107,-0.059035737
d8edf2e40_108,-0.018382037
d8edf2e40_109,0.054362737
d8edf2e40_110,0.01178375
d8edf2e40_111,0.0068951854
d8edf2e40_112,-0.04953236
d8edf2e40_113,0.08599155
d8edf2e40_114,0.017397413
d8edf2e40_115,0.10921449
d8edf2e40_116,0.10154757
d8edf2e40_117,0.034112517
d8edf2e40_118,0.0058810427
d8edf2e40_119,-0.016487664
d8edf2e40_120,0.012306714
d8edf2e40_121,0.12928869
d8edf2e40_122,-0.01056993
d8edf2e40_123,-0.06889374
d8edf2e40_124,-0.012091176
d8edf2e40_125,-0.010660947
d8edf2e40_126,-0.05227554
d8edf2e40_127,0.057497554
d8edf2e40_128,-1.3321868e-33
d8edf2e40_129,0.098634735
d8edf2e40_130,-0.030014029
d8edf2e40_131,0.012867424
d8edf2e40_132,-0.031249879
d8edf2e40_133,0.038020033
d8edf2e40_134,0.017578635
d8edf2e40_135,-0.014032078
d8edf2e40_136,0.015133539
d8edf2e40_137,-0.11427786
d8edf2e40_138,0.035782825
d8edf2e40_139,-0.12976137
d8edf2e40_140,0.012056835
d8edf2e40_141,-0.050467443
d8edf2e40_142,-0.036164787
d8edf2e40_143,0.010222733
d8edf2e40_144,-0.036088314
d8edf2e40_145,-0.03226587
d8edf2e40_146,-0.05112836
d8edf2e40_147,-0.0676449
d8edf2e40_148,-0.04942701
d8edf2e40_149,-0.0049224393
d8edf2e40_150,-0.00365952
d8edf2e40_151,-0.04282398
d8edf2e40_152,0.023439704
d8edf2e40_153,0.07568362
d8edf2e40_154,-0.033086993
d8edf2e40_155,-0.03424698
d8edf2e40_156,-0.05043758
d8edf2e40_157,-0.023653695
d8edf2e40_158,0.0029610486
d8edf2e40_159,-0.0009954445
d8edf2e40_160,-0.068243824
d8edf2e40_161,-0.028807223
d8edf2e40_162,0.025927575
d8edf2e40_163,-0.10155242
d8edf2e40_164,-0.010995113
d8edf2e40_165,0.075363316
d8edf2e40_166,-0.012781851
d8edf2e40_167,-0.09889056
d8edf2e40_168,-0.0545983
d8edf2e40_169,0.08361923
d8edf2e40_170,-0.013354435
d8edf2e40_171,-0.00019695092
d8edf2e40_172,0.007397475
d8edf2e40_173,-0.040482473
d8edf2e40_174,-0.10173319
d8edf2e40_175,-0.042530607
d8edf2e40_176,-0.0018358392
d8edf2e40_177,0.019818436
d8edf2e40_178,-0.04374493
d8edf2e40_179,0.018961852
d8edf2e40_180,0.04859888
d8edf2e40_181,0.08115035
d8edf2e40_182,-0.064988516
d8edf2e40_183,0.019564962
d8edf2e40_184,0.046528738
d8edf2e40_185,0.09085637
d8edf2e40_186,5.373742e-06
d8edf2e40_187,-0.062397663
d8edf2e40_188,0.11198046
d8edf2e40_189,0.09262824
d8edf2e40_190,0.015385328
d8edf2e40_191,0.0136819715
d8edf2e40_192,0.0027474144
d8edf2e40_193,0.076296
d8edf2e40_194,-0.033010557
d8edf2e40_195,0.0061690854
d8edf2e40_196,0.03455763
d8edf2e40_197,-0.053426776
d8edf2e40_198,0.046491988
d8edf2e40_199,-0.021814616
d8edf2e40_200,-0.053402778
d8edf2e40_201,0.16031268
d8edf2e40_202,-0.07755201
d8edf2e40_203,-0.03044367
d8edf2e40_204,-0.019156616
d8edf2e40_205,0.015405335
d8edf2e40_206,0.0375741
d8edf2e40_207,0.07156756
d8edf2e40_208,-0.07762447
d8edf2e40_209,0.035453822
d8edf2e40_210,0.037680853
d8edf2e40_211,-0.025274953
d8edf2e40_212,0.012805119
d8edf2e40_213,-0.06647865
d8edf2e40_214,0.06266242
d8edf2e40_215,0.0017489904
d8edf2e40_216,0.03688551
d8edf2e40_217,0.024818897
d8edf2e40_218,0.032159507
d8edf2e40_219,-0.066309445
d8edf2e40_220,0.028393501
d8edf2e40_221,0.051995926
d8edf2e40_222,-0.034893077
d8edf2e40_223,0.05667391
d8edf2e40_224,-7.288271e-34
d8edf2e40_225,-0.027375756
d8edf2e40_226,0.052183613
d8edf2e40_227,-0.032377496
d8edf2e40_228,0.048569314
d8edf2e40_229,0.021179684
d8edf2e40_230,-0.032906007
d8edf2e40_231,0.07235238
d8edf2e40_232,0.04063373
d8edf2e40_233,0.04518194
d8edf2e40_234,0.032381326
d8edf2e40_235,-0.024932332
d8edf2e40_236,-0.0068207504
d8edf2e40_237,0.022948185
d8edf2e40_238,-0.015733795
d8edf2e40_239,0.07309168
d8edf2e40_240,-0.055687502
d8edf2e40_241,-0.01075095
d8edf2e40_242,0.02565354
d8edf2e40_243,0.047938645
d8edf2e40_244,0.019925416
d8edf2e40_245,-0.079937294
d8edf2e40_246,-0.023654083
d8edf2e40_247,-0.04990632
d8edf2e40_248,-0.027850911
d8edf2e40_249,0.015537547
d8edf2e40_250,0.080584355
d8edf2e40_251,0.026716448
d8edf2e40_252,-0.06446969
d8edf2e40_253,-0.09097906
d8edf2e40_254,0.010910224
d8edf2e40_255,-0.0074482393
d8edf2e40_256,-0.07983869
d8edf2e40_257,0.014869827
d8edf2e40_258,-0.054733746
d8edf2e40_259,-0.08542311
d8edf2e40_260,0.00473184
d8edf2e40_261,-0.004379045
d8edf2e40_262,-0.1132802
d8edf2e40_263,-0.011213003
d8edf2e40_264,-0.012262232
d8edf2e40_265,0.07837422
d8edf2e40_266,-0.00784335
d8edf2e40_267,0.033757746
d8edf2e40_268,0.11699603
d8edf2e40_269,-0.007345644
d8edf2e40_270,-0.0035830494
d8edf2e40_271,-0.048891027
d8edf2e40_272,-0.041030657
d8edf2e40_273,-0.039810404
d8edf2e40_274,-0.04184248
d8edf2e40_275,-0.004514813
d8edf2e40_276,0.037344474
d8edf2e40_277,-0.0035265188
d8edf2e40_278,-0.038821183
d8edf2e40_279,-0.023216194
d8edf2e40_280,0.03875802
d8edf2e40_281,-0.09758477
d8edf2e40_282,0.06815538
d8edf2e40_283,-0.040534113
d8edf2e40_284,0.0063399547
d8edf2e40_285,-0.008848291
d8edf2e40_286,0.06527022
d8edf2e40_287,0.0013383188
d8edf2e40_288,0.056956
d8edf2e40_289,0.013173746
d8edf2e40_290,-0.077218786
d8edf2e40_291,-0.03658646
d8edf2e40_292,0.024670595
d8edf2e40_293,-0.001592992
d8edf2e40_294,-0.086197965
d8edf2e40_295,-0.0505646
d8edf2e40_296,-0.008055463
d8edf2e40_297,-0.039259642
d8edf2e40_298,-0.095737316
d8edf2e40_299,0.076184295
d8edf2e40_300,0.017400553
d8edf2e40_301,-0.023058174
d8edf2e40_302,0.020449804
d8edf2e40_303,0.05852054
d8edf2e40_304,-0.00014626549
d8edf2e40_305,-0.05917257
d8edf2e40_306,-0.013938094
d8edf2e40_307,-0.021659993
d8edf2e40_308,0.060811706
d8edf2e40_309,0.03536247
d8edf2e40_310,-0.032931313
d8edf2e40_311,-0.018649202
d8edf2e40_312,0.09854987
d8edf2e40_313,0.04605451
d8edf2e40_314,0.002669873
d8edf2e40_315,-0.030907962
d8edf2e40_316,0.031242652
d8edf2e40_317,0.057101805
d8edf2e40_318,0.030038813
d8edf2e40_319,-0.08123193
d8edf2e40_320,-2.1520204e-08
d8edf2e40_321,-0.010399893
d8edf2e40_322,-0.026439315
d8edf2e40_323,-0.084885396
d8edf2e40_324,0.027138289
d8edf2e40_325,0.063925646
d8edf2e40_326,0.029384635
d8edf2e40_327,0.039594445
d8edf2e40_328,0.069225736
d8edf2e40_329,0.016004292
d8edf2e40_330,0.09631194
d8edf2e40_331,0.012778981
d8edf2e40_332,0.025599215
d8edf2e40_333,-0.018723976
d8edf2e40_334,0.07548
d8edf2e40_335,-0.01702617
d8edf2e40_336,0.090951875
d8edf2e40_337,0.023339016
d8edf2e40_338,-0.018801706
d8edf2e40_339,0.045471378
d8edf2e40_340,-0.018022237
d8edf2e40_341,-0.053271223
d8edf2e40_342,0.06819462
d8edf2e40_343,-0.0023716139
d8edf2e40_344,-0.046891242
d8edf2e40_345,-0.025468979
d8edf2e40_346,0.013435794
d8edf2e40_347,-0.05194963
d8edf2e40_348,0.059302393
d8edf2e40_349,-0.04042217
d8edf2e40_350,0.09848099
d8edf2e40_351,-0.037582245
d8edf2e40_352,0.057871107
d8edf2e40_353,-0.029705644
d8edf2e40_354,0.034004427
d8edf2e40_355,-0.03610881
d8edf2e40_356,0.0068149385
d8edf2e40_357,0.0972316
d8edf2e40_358,0.022952912
d8edf2e40_359,0.0027800058
d8edf2e40_360,-0.028971609
d8edf2e40_361,0.028037777
d8edf2e40_362,0.06912895
d8edf2e40_363,-0.022424055
d8edf2e40_364,-0.03364854
d8edf2e40_365,-0.07451085
d8edf2e40_366,0.079522
d8edf2e40_367,-0.026484922
d8edf2e40_368,-0.00041366866
d8edf2e40_369,-0.03381176
d8edf2e40_370,-0.057466947
d8edf2e40_371,-0.08503995
d8edf2e40_372,-0.03562564
d8edf2e40_373,0.039568484
d8edf2e40_374,0.015690757
d8edf2e40_375,0.07570275
d8edf2e40_376,0.042228647
d8edf2e40_377,0.04548921
d8edf2e40_378,-0.06727454
d8edf2e40_379,0.010552585
d8edf2e40_380,0.049034126
d8edf2e40_381,-0.0005678922
d8edf2e40_382,0.013234349
d8edf2e40_383,0.052740432
d8edf2e40_384,0.050739862
f27825b2c_1,-0.043741077
f27825b2c_2,0.017732406
f27825b2c_3,0.047569193
f27825b2c_4,0.008021417
f27825b2c_5,-0.03537987
f27825b2c_6,0.023414819
f27825b2c_7,0.11242458
f27825b2c_8,0.020329876
f27825b2c_9,-0.005187368
f27825b2c_10,-0.013741528
f27825b2c_11,0.015389414
f27825b2c_12,-0.0796235
f27825b2c_13,0.015818238
f27825b2c_14,-0.02950379
f27825b2c_15,-0.042317864
f27825b2c_16,0.09305555
f27825b2c_17,0.0935361
f27825b2c_18,-0.024893936
f27825b2c_19,-0.009619389
f27825b2c_20,-0.01818095
f27825b2c_21,-0.03646788
f27825b2c_22,-0.029532263
f27825b2c_23,0.021188276
f27825b2c_24,0.02450614
f27825b2c_25,-0.104173094
f27825b2c_26,-0.013769955
f27825b2c_27,-0.007147077
f27825b2c_28,0.045309328
f27825b2c_29,-0.024109608
f27825b2c_30,-0.038464382
f27825b2c_31,0.04671963
f27825b2c_32,0.012508697
f27825b2c_33,0.017685229
f27825b2c_34,0.044556618
f27825b2c_35,-0.083337314
f27825b2c_36,0.056915607
f27825b2c_37,-0.018490173
f27825b2c_38,-0.030594945
f27825b2c_39,-0.053563643
f27825b2c_40,0.029717706
f27825b2c_41,-0.029168265
f27825b2c_42,-0.102436155
f27825b2c_43,-0.11274921
f27825b2c_44,0.042596973
f27825b2c_45,0.04012554
f27825b2c_46,0.025829522
f27825b2c_47,0.053585604
f27825b2c_48,0.061830927
f27825b2c_49,-0.09524913
f27825b2c_50,-0.0071274703
f27825b2c_51,-0.029156744
f27825b2c_52,-0.043038268
f27825b2c_53,-0.07256326
f27825b2c_54,0.0013273419
f27825b2c_55,0.058152333
f27825b2c_56,0.0043849624
f27825b2c_57,-0.0031496657
f27825b2c_58,-0.029082676
f27825b2c_59,0.05040641
f27825b2c_60,-0.015405983
f27825b2c_61,-0.012635003
f27825b2c_62,0.049779642
f27825b2c_63,-0.050222687
f27825b2c_64,0.010526865
f27825b2c_65,0.022808162
f27825b2c_66,-0.06910019
f27825b2c_67,0.046083324
f27825b2c_68,0.04189971
f27825b2c_69,-0.037704404
f27825b2c_70,-0.04838082
f27825b2c_71,-0.0035143478
f27825b2c_72,-0.033683743
f27825b2c_73,-0.023539042
f27825b2c_74,0.052240174
f27825b2c_75,-0.0013609435
f27825b2c_76,0.08748053
f27825b2c_77,0.013341343
f27825b2c_78,0.005965165
f27825b2c_79,-0.0051111993
f27825b2c_80,0.044805903
f27825b2c_81,-0.109741695
f27825b2c_82,-0.106129535
f27825b2c_83,0.033641703
f27825b2c_84,0.019327676
f27825b2c_85,-0.050996587
f27825b2c_86,0.022617187
f27825b2c_87,-0.10575667
f27825b2c_88,-0.016865239
f27825b2c_89,-0.023697585
f27825b2c_90,-0.09913634
f27825b2c_91,-0.07348526
f27825b2c_92,-0.0016642428
f27825b2c_93,-0.059771333
f27825b2c_94,-0.02527896
f27825b2c_95,0.090661176
f27825b2c_96,0.053461738
f27825b2c_97,-0.06372852
f27825b2c_98,-0.10076762
f27825b2c_99,0.10808343
f27825b2c_100,0.025504982
f27825b2c_101,0.04528031
f27825b2c_102,-0.010492636
f27825b2c_103,0.06949457
f27825b2c_104,0.06117444
f27825b2c_105,-0.05658588
f27825b2c_106,-0.121276505
f27825b2c_107,0.07202067
f27825b2c_108,-0.018874465
f27825b2c_109,0.04407472
f27825b2c_110,-0.059139058
f27825b2c_111,0.031608418
f27825b2c_112,-0.030745044
f27825b2c_113,0.040572423
f27825b2c_114,-0.09513849
f27825b2c_115,0.10725771
f27825b2c_116,-0.011445277
f27825b2c_117,0.07729267
f27825b2c_118,0.07243486
f27825b2c_119,0.05792258
f27825b2c_120,-0.023881193
f27825b2c_121,0.033869985
f27825b2c_122,-0.0037465044
f27825b2c_123,-0.06730875
f27825b2c_124,-0.03310888
f27825b2c_125,-0.029745901
f27825b2c_126,-0.074634545
f27825b2c_127,0.04015805
f27825b2c_128,2.0766248e-33
f27825b2c_129,0.004795638
f27825b2c_130,-0.04082448
f27825b2c_131,0.06351242
f27825b2c_132,0.079770334
f27825b2c_133,0.07323826
f27825b2c_134,0.03685642
f27825b2c_135,0.04309108
f27825b2c_136,-0.03340322
f27825b2c_137,-0.09363097
f27825b2c_138,0.09209791
f27825b2c_139,-0.010722374
f27825b2c_140,-0.095135875
f27825b2c_141,-0.07575124
f27825b2c_142,-0.032352384
f27825b2c_143,0.046198923
f27825b2c_144,-0.011736531
f27825b2c_145,0.03115955
f27825b2c_146,-0.034680612
f27825b2c_147,-0.11161235
f27825b2c_148,0.025851604
f27825b2c_149,0.061525993
f27825b2c_150,0.00086958753
f27825b2c_151,0.02722878
f27825b2c_152,-0.0006661329
f27825b2c_153,0.023980277
f27825b2c_154,0.054689385
f27825b2c_155,0.0600718
f27825b2c_156,0.015031665
f27825b2c_157,0.023446567
f27825b2c_158,-0.028428158
f27825b2c_159,0.055274494
f27825b2c_160,0.013311301
f27825b2c_161,-0.008775523
f27825b2c_162,-0.008322702
f27825b2c_163,-0.06844702
f27825b2c_164,-0.048763663
f27825b2c_165,0.007456368
f27825b2c_166,-0.022827871
f27825b2c_167,-0.029878087
f27825b2c_168,-0.001996826
f27825b2c_169,0.045818605
f27825b2c_170,0.007413559
f27825b2c_171,0.019019095
f27825b2c_172,-0.050303847
f27825b2c_173,-0.05777778
f27825b2c_174,-0.016416112
f27825b2c_175,0.054951273
f27825b2c_176,-0.009243986
f27825b2c_177,0.029489243
f27825b2c_178,0.041925114
f27825b2c_179,-0.033825126
f27825b2c_180,-0.09529914
f27825b2c_181,-0.0156939
f27825b2c_182,0.011111191
f27825b2c_183,-0.035791375
f27825b2c_184,0.031003332
f27825b2c_185,0.005542232
f27825b2c_186,0.021467144
f27825b2c_187,0.022644997
f27825b2c_188,-0.029799853
f27825b2c_189,-0.043441594
f27825b2c_190,-0.0133125875
f27825b2c_191,-0.04437663
f27825b2c_192,-0.064522535
f27825b2c_193,0.018833539
f27825b2c_194,0.010279443
f27825b2c_195,0.07443459
f27825b2c_196,-0.03887133
f27825b2c_197,-0.027652899
f27825b2c_198,0.034260985
f27825b2c_199,0.015163497
f27825b2c_200,0.008194597
f27825b2c_201,0.06920681
f27825b2c_202,0.022285482
f27825b2c_203,0.020588491
f27825b2c_204,0.015904043
f27825b2c_205,-0.004855788
f27825b2c_206,0.017389473
f27825b2c_207,0.08068808
f27825b2c_208,-0.027082182
f27825b2c_209,0.010703602
f27825b2c_210,0.014029577
f27825b2c_211,-0.007006133
f27825b2c_212,0.038099848
f27825b2c_213,-0.010100914
f27825b2c_214,-0.040982846
f27825b2c_215,0.06924736
f27825b2c_216,-0.012124119
f27825b2c_217,-0.049243648
f27825b2c_218,0.028450983
f27825b2c_219,-0.0065155285
f27825b2c_220,0.043396305
f27825b2c_221,0.003337018
f27825b2c_222,0.03465377
f27825b2c_223,0.03332554
f27825b2c_224,-4.3617985e-33
f27825b2c_225,0.10067398
f27825b2c_226,0.027259257
f27825b2c_227,-0.024426688
f27825b2c_228,-0.026405534
f27825b2c_229,0.13409297
f27825b2c_230,-0.029600311
f27825b2c_231,0.015307828
f27825b2c_232,0.10325287
f27825b2c_233,0.053622898
f27825b2c_234,0.01325482
f27825b2c_235,0.07871718
f27825b2c_236,-0.074566066
f27825b2c_237,-0.0355686
f27825b2c_238,0.0021298896
f27825b2c_239,0.040628027
f27825b2c_240,0.016695414
f27825b2c_241,0.13574748
f27825b2c_242,0.039148606
f27825b2c_243,0.043414235
f27825b2c_244,0.05756473
f27825b2c_245,-0.06845475
f27825b2c_246,-0.049706724
f27825b2c_247,-0.03262377
f27825b2c_248,-0.03357956
f27825b2c_249,-0.003462989
f27825b2c_250,-0.0061285836
f27825b2c_251,0.08418119
f27825b2c_252,0.0317038
f27825b2c_253,-0.055260945
f27825b2c_254,0.049824923
f27825b2c_255,-0.014166385
f27825b2c_256,-0.06417521
f27825b2c_257,0.0524615
f27825b2c_258,0.046963062
f27825b2c_259,-0.07774104
f27825b2c_260,-0.029712161
f27825b2c_261,-0.03471334
f27825b2c_262,-0.027658265
f27825b2c_263,0.028072825
f27825b2c_264,-0.032754503
f27825b2c_265,0.09916004
f27825b2c_266,-0.048220135
f27825b2c_267,0.019217458
f27825b2c_268,0.13609555
f27825b2c_269,0.010835237
f27825b2c_270,-0.09639583
f27825b2c_271,-0.119388565
f27825b2c_272,0.0029967336
f27825b2c_273,0.0022855287
f27825b2c_274,-0.047759112
f27825b2c_275,-0.05790302
f27825b2c_276,-0.014055314
f27825b2c_277,0.03440386
f27825b2c_278,-0.027526814
f27825b2c_279,0.041624658
f27825b2c_280,0.012571196
f27825b2c_281,-0.04207322
f27825b2c_282,0.061372265
f27825b2c_283,0.007946154
f27825b2c_284,0.0036065269
f27825b2c_285,0.04283494
f27825b2c_286,0.020343455
f27825b2c_287,-0.03416195
f27825b2c_288,-0.056529038
f27825b2c_289,0.015946198
f27825b2c_290,0.022999963
f27825b2c_291,-0.053665247
f27825b2c_292,-0.014782731
f27825b2c_293,-0.03918664
f27825b2c_294,-0.05532439
f27825b2c_295,0.011209707
f27825b2c_296,-0.031615272
f27825b2c_297,-0.088020496
f27825b2c_298,-0.034047354
f27825b2c_299,-0.045946594
f27825b2c_300,-0.08328729
f27825b2c_301,-0.080181584
f27825b2c_302,0.024508337
f27825b2c_303,0.089882694
f27825b2c_304,0.018663343
f27825b2c_305,-0.0011764677
f27825b2c_306,-0.07081456
f27825b2c_307,-0.035059523
f27825b2c_308,0.015495063
f27825b2c_309,0.03841664
f27825b2c_310,-0.040318564
f27825b2c_311,0.008396015
f27825b2c_312,0.121005245
f27825b2c_313,0.025761101
f27825b2c_314,-0.028806057
f27825b2c_315,-0.022626774
f27825b2c_316,0.12746325
f27825b2c_317,0.07159264
f27825b2c_318,-0.008697501
f27825b2c_319,-0.052818805
f27825b2c_320,-2.3570545e-08
f27825b2c_321,-0.040071562
f27825b2c_322,-0.07970603
f27825b2c_323,-0.028883789
f27825b2c_324,-0.030176438
f27825b2c_325,0.009337211
f27825b2c_326,0.09952469
f27825b2c_327,-0.024267886
f27825b2c_328,-0.02304651
f27825b2c_329,0.03226917
f27825b2c_330,0.06197495
f27825b2c_331,0.014516773
f27825b2c_332,0.09667307
f27825b2c_333,0.045062423
f27825b2c_334,0.0032860453
f27825b2c_335,-0.08683186
f27825b2c_336,0.061283227
f27825b2c_337,-0.010254709
f27825b2c_338,-0.027331049
f27825b2c_339,0.03994385
f27825b2c_340,-0.013567708
f27825b2c_341,-0.0371113
f27825b2c_342,0.009102888
f27825b2c_343,0.013739128
f27825b2c_344,-0.14518186
f27825b2c_345,0.015008727
f27825b2c_346,0.008849078
f27825b2c_347,-0.028238783
f27825b2c_348,0.07907015
f27825b2c_349,-0.00841712
f27825b2c_350,0.038531944
f27825b2c_351,0.0054245004
f27825b2c_352,0.034170087
f27825b2c_353,0.014325509
f27825b2c_354,-0.0037006945
f27825b2c_355,-0.062659904
f27825b2c_356,0.0034262224
f27825b2c_357,0.05578957
f27825b2c_358,-0.014017465
f27825b2c_359,0.016961563
f27825b2c_360,-0.06484452
f27825b2c_361,0.09449771
f27825b2c_362,-0.07589419
f27825b2c_363,0.07343386
f27825b2c_364,0.003280556
f27825b2c_365,-0.05681126
f27825b2c_366,0.015459104
f27825b2c_367,-0.019067423
f27825b2c_368,-0.09180289
f27825b2c_369,0.07310661
f27825b2c_370,-0.03723595
f27825b2c_371,0.0042268387
f27825b2c_372,-0.09489676
f27825b2c_373,0.0010896269
f27825b2c_374,-0.030735709
f27825b2c_375,-0.051688157
f27825b2c_376,-0.042564604
f27825b2c_377,0.0264759
f27825b2c_378,0.07362146
f27825b2c_379,-0.007606411
f27825b2c_380,0.02320741
f27825b2c_381,-0.020682182
f27825b2c_382,-0.02921897
f27825b2c_383,0.0048309276
f27825b2c_384,-0.03782266
